{
    "accuracy": 0.8833333333333333,
    "f1_score": 0.883702213279678
}